"seekingalpha.com","5"
"smartereum.com","11"
"insidebitcoins.com","8"
"usethebitcoin.com","2"
"www.investopedia.com","34"
"cryptona.co","9"
"feeds.mashable.com","0"
"mashable.com","1"
"www.crowdfundinsider.com","2"
"www.theatlantic.com","1"
"www.valuewalk.com","2"
"cointelegraph.com","29"
"coincentral.com","10"
"btcmanager.com","42"
"news.bitcoin.com","25"
"www.coindesk.com","17"
"www.miaminewtimes.com","0"
"www.fool.com","1"
"www.lexology.com","0"
"www.theverge.com","2"
"news.morningstar.com","0"
"coinjournal.net","1"
"thenextweb.com","1"
"news.goldseek.com","0"
"www.brit.co","0"
"feedproxy.google.com","5"
"www.cnbc.com","0"
"cryptodaily.co.uk","10"
"hacked.com","18"
"business.financialpost.com","0"
"www.crypto-news.in","10"
"www.businessinsider.com","0"
"www.reviewjournal.com","0"
"www.mcall.com","0"
"www.nasdaq.com","2"
"bitcoinmagazine.com","0"
"www.thelincolnianonline.com","33"
"ledgergazette.com","37"
"stocknewstimes.com","29"
"weekherald.com","21"
"www.pymnts.com","0"
"www.dispatchtribunal.com","11"
"www.fxempire.com","1"
"theenterpriseleader.com","6"
"themerkle.com","11"
"ctovision.com","0"
"www.digitaltrends.com","1"
"www.palmbeachpost.com","0"
"registrarjournal.com","29"
"blockexplorer.com","1"
"www.utilitydive.com","0"
"motherboard.vice.com","4"
"cryptoslate.com","27"
"www.cnet.com","0"
"www.bloomberg.com","0"
"inc42.com","0"
"www.livebitcoinnews.com","9"
"coinclarity.com","1"
"fortune.com","3"
"www.recode.net","0"
"cryptovest.com","40"
"www.satprnews.com","3"
"bangaloreweekly.com","2"
"dailyreckoning.com","1"
"www.computerweekly.com","1"
"bitsonline.com","16"
"ambcrypto.com","77"
"zycrypto.com","7"
"www.fastcompany.com","0"
"www.roanoke.com","0"
"cryptorecorder.com","8"
"www.nigeriatoday.ng","1"
"www.coinspeaker.com","8"
"www.ibj.com","0"
"www.inverse.com","5"
"stocksgazette.com","7"
"www.independent.co.uk","0"
"www.popsci.com","0"
"yellowhammernews.com","0"
"thevarsity.ca","1"
"www.tcbusinessnews.com","0"
"uk.businessinsider.com","0"
"www.foxbusiness.com","0"
"cryptonewsreview.com","2"
"crypto-lines.com","29"
"www.nj.com","0"
"www.marketoracle.co.uk","0"
"www.androidauthority.com","0"
"www.oracletimes.com","0"
"www.investors.com","0"
"www.businesswire.com","1"
"www.cryptoninjas.net","0"
"www.paymentssource.com","1"
"www.gq.com","0"
"wfla.com","0"
"www.thestreet.com","0"
"cryptocurrencynews.com","25"
"www.fool.com.au","0"
"solarmagazine.com","0"
"www.stl.news","0"
"oracletimes.com","3"
"factschronicle.com","0"
"tickertape.tdameritrade.com","0"
"www.buzzfeed.com","0"
"www.ccn.com","1"
"www.legalgamblingandthelaw.com","0"
"cryptocrimson.com","5"
"www.investorideas.com","1"
"ethereumworldnews.com","25"
"finnewsdaily.com","0"
"weeklyhub.com","0"
"huronreport.com","1"
"www.pulse.ng","0"
"www.lawyersweekly.com.au","0"
"www.newsbtc.com","4"
"flintdaily.com","2"
"themarketmogul.com","2"
"blocktribune.com","5"
"globalcoinreport.com","2"
"tokenradar24.com","0"
"www.9news.com.au","0"
"www.ibtimes.com","2"
"www.fool.ca","0"
"www.finsmes.com","0"
"venturebeat.com","1"
"www.complex.com","0"
"realdaily.com","2"
"news.finance.co.uk","0"
"presstelegraph.com","0"
"www.globalcryptopress.com","0"
"www.bloombergquint.com","1"
"sputniknews.com","6"
"www.businessinsider.com.au","0"
"gulfnews.com","0"
"www.leaprate.com","0"
"markets.businessinsider.com","1"
"micetimes.asia","0"
"metro.co.uk","0"
"www.al-monitor.com","0"
"www.staradvertiser.com","0"
"www.midasletter.com","0"
"www.latinfinance.com","0"
"www.coloradoan.com","0"
"bitcoinist.com","3"
"irishtechnews.ie","0"
"strategiccoin.com","12"
"www.ethnews.com","15"
"www.thesundaily.my","0"
"www.abcfoxmontana.com","0"
"www.cbc.ca","1"
"www.marketwatch.com","0"
"www.verdict.co.uk","0"
"www.ibtimes.co.uk","2"
"en.brinkwire.com","1"
"www.benzinga.com","0"
"www.oregonbusiness.com","0"
"www.zdnet.com","9"
"globalnews.ca","0"
"www.nbcnews.com","0"
"invezz.com","6"
"coinidol.com","5"
"financefeeds.com","0"
"business.mb.com.ph","0"
"www.wealthdaily.com","0"
"www.digitaljournal.com","0"
"techstartups.com","0"
"www.theguardian.com","0"
"theusacommerce.com","17"
"www.financemagnates.com","4"
"www.newsweek.com","3"
"www.inman.com","0"
"www.usnews.com","0"
"qz.com","0"
"www.mareainformativa.com","5"
"www.bleepingcomputer.com","14"
"etfdailynews.com","0"
"au.news.yahoo.com","0"
"www.americanbanker.com","0"
"www.financialexpress.com","0"
"born2invest.com","0"
"www.inquisitr.com","0"
"gkmen.com","0"
"www.thearmchairtrader.com","0"
"10thousandcouples.com","0"
"news.vice.com","0"
"time.com","0"
"www.huffingtonpost.co.uk","0"
"highschool.latimes.com","0"
"news.crunchbase.com","0"
"www.taipeitimes.com","0"
"www.hindustantimes.com","0"
"jurist.org","0"
"www.stockhouse.com","0"
"theaseanpost.com","0"
"siliconangle.com","3"
"dcebrief.com","0"
"marketbusinessnews.com","0"
"feeds.benzinga.com","1"
"www.prweb.com","0"
"www.bitsonline.com","0"
"investorplace.com","1"
"www.slashgear.com","3"
"www.christiantoday.com","0"
"www.prnewswire.com","0"
"gizmodo.com","2"
"patriotpost.us","0"
"www.moneycontrol.com","0"
"www.econotimes.com","0"
"www.hitc.com","0"
"www.bbc.com","0"
"kgazette.com","0"
"www.ejinsight.com","0"
"www.9news.com","0"
"www.energyandcapital.com","0"
"thechronicleherald.ca","0"
"augustafreepress.com","0"
"www.thegazette.com","0"
"thecurrencyanalytics.com","0"
"www.express.co.uk","0"
"www.clickorlando.com","0"
"pilotonline.com","0"
"www.thedrum.com","0"
"money.cnn.com","0"
"www.news.com.au","0"
"santimes.com","0"
"technewsleader.com","0"
"www.natlawreview.com","0"
"www.dailymail.co.uk","0"
"www.thedailybeast.com","0"
"ameinfo.com","0"
"www.rt.com","0"
"bzweekly.com","0"
"www.dailyforexreport.com","0"
"www.thejakartapost.com","0"
"www.clickz.com","0"
"www.news-leader.com","0"
"observer.com","0"
"www.equities.com","1"
"techcrunch.com","3"
"www.newsday.com","0"
"www.consumeraffairs.com","0"
"kldaily.com","0"
"finance.yahoo.com","0"
"www.radioaustralia.net.au","0"
"globalvoices.org","0"
"mynorthwest.com","0"
"www.scmagazineuk.com","3"
"global.handelsblatt.com","1"
"nypost.com","0"
"www.kvue.com","0"
"beebom.com","0"
"www.moneyweb.co.za","0"
"www.entrepreneur.com","0"
"www.alphr.com","0"
"www.chipin.com","1"
"hothardware.com","8"
"www.forexlive.com","1"
"www.livetradingnews.com","0"
"stocknewspress.com","0"
"www.bbntimes.com","0"
"utahherald.com","1"
"www.financialbuzz.com","0"
"nakedsecurity.sophos.com","0"
"au.finance.yahoo.com","0"
"www.pcgamer.com","0"
"hiphopwired.com","0"
"news.sys-con.com","0"
"www.whsv.com","0"
"www.abajournal.com","0"
"truthinmedia.com","0"
"therealdeal.com","0"
"newburghgazette.com","0"
"www.crypto-reporter.com","4"
"www.mediapost.com","0"
"uk.finance.yahoo.com","0"
"footwearnews.com","1"
"www.bustle.com","0"
"businessrecord.com","0"
"wolcottdaily.com","1"
"www.dailyfx.com","0"
"www.internationalinvestment.net","0"
"www.westword.com","0"
"www.theregister.co.uk","1"
"heraldks.com","0"
"feeds.gizmodo.com.au","0"
"www.techrepublic.com","22"
"www.ag-ip-news.com","0"
"www.gamereactor.eu","0"
"businesstech.co.za","0"
"expressnewsline.com","0"
"www.globenewswire.com","0"
"www.trustedreviews.com","0"
"www.yahoo.com","0"
"www.business2community.com","1"
"uk.news.yahoo.com","0"
"baseballnewssource.com","0"
"www.pulse.com.gh","0"
"www.equitiesfocus.com","2"
"lovinmalta.com","0"
"finance-market-news.com","0"
"www.iexpats.com","0"
"dailyenterpriser.com","0"
"thehill.com","0"
"www.cleveland.com","1"
"www.hardocp.com","1"
"www.domain-b.com","0"
"cointradejournal.com","0"
"sociable.co","0"
"www.manilatimes.net","0"
"www.toinnov.com","0"
"www.syfy.com","0"
"www.app.com","0"
"www.crn.com.au","0"
"www.capitalwatch.com","0"
"financialtribune.com","0"
"blavity.com","0"
"bwcio.businessworld.in","1"
"www.salon.com","0"
"www.fxstreet.com","1"
"www.wealthmanagement.com","0"
"www.tomsguide.com","1"
"economictimes.indiatimes.com","0"
"www.theglobeandmail.com","0"
"www.bostonglobe.com","0"
"moneymorning.com","0"
"www.hotnewhiphop.com","0"
"www.jdsupra.com","0"
"www.euromoney.com","1"
"www.nytimes.com","1"
"www.barrons.com","0"
"www.washingtonpost.com","0"
"arstechnica.com","2"
"www.malaysiandigest.com","0"
"theafricom.com","1"
"fxdailyreport.com","0"
"smnweekly.com","0"
"www.myjoyonline.com","0"
"www.tradearabia.com","0"
"www.wwnytv.com","0"
"www.insidefutures.com","0"
"www.mirror.co.uk","0"
"theanalystfinancial.com","0"
"capital.com","0"
"www.thestar.com","0"
"oilprice.com","0"
"www.algemeiner.com","0"
"latestcasinobonuses.com","0"
"www.dsnews.com","0"
"www.zeebiz.com","0"
"www.techjuice.pk","0"
"www.infosurhoy.com","2"
"jam-news.net","0"
"www.notebookcheck.net","0"
"www.mobilemarketer.com","0"
"www.theinvestmentobserver.co.uk","0"
"www.chicagotribune.com","0"
"mic.com","0"
"scopeweekly.com","0"
"www.itnews.com.au","0"
"www.adweek.com","0"
"www.tgdaily.com","0"
"cryptoinsider.21mil.com","0"
"www.cityam.com","0"
"www.businesstimes.com.sg","0"
"www.straitstimes.com","0"
"www.smh.com.au","0"
"tribune.com.pk","0"
"www.infosecurity-magazine.com","2"
"studentloans.net","0"
"www.wcpo.com","0"
"www.postandcourier.com","0"
"www.reuters.com","0"
"weeklyregister.com","0"
"www.pressherald.com","0"
"www.ttnews.com","0"
"news.ucwe.com","0"
"www.inc.com","0"
"www.benchmarkmonitor.com","0"
"www.out-law.com","0"
"www.techadvisor.co.uk","0"
"www.moneywise.co.uk","0"
"www.looptt.com","0"
"www.moneyobserver.com","0"
"gooruf.com","0"
"via.news","0"
"www.finextra.com","1"
"japantoday.com","0"
"www.loopnewsbarbados.com","0"
"bobrtimes.com","3"
"legalbroadcastnetwork.com","0"
"www.thesun.co.uk","0"
"www.payvand.com","0"
"www.yourmoney.com","0"
"www.financeminutes.com","0"
"www.csoonline.com","0"
"techspective.net","0"
"blog.fxpro.co.uk","0"
"www.casino.org","0"
"futurism.com","0"
"www.ifa.com.au","0"
"www.ourquadcities.com","0"
"www.thesouthafrican.com","0"
"www.wcax.com","0"
"theboombox.com","0"
"www.sfgate.com","0"
"www.cryptoglobe.com","0"
"finance.nine.com.au","0"
"www.adageindia.in","0"
"ivleader.com","0"
"www.middletownpress.com","0"
"www.mychamplainvalley.com","0"
"www.govtech.com","0"
"www.brookings.edu","0"
"www.mysanantonio.com","0"
"www.dailydot.com","0"
"vocm.com","0"
"sg.news.yahoo.com","0"
"www.nationmultimedia.com","0"
"www.johnsoncitypress.com","0"
"www.sciencedaily.com","0"
"smallcappower.com","0"
"coingeek.com","0"
"www.thenewsminute.com","0"
"www.businessdailyafrica.com","0"
"thewest.com.au","0"
"studentloanhero.com","0"
"www.thetimes.co.uk","0"
"www.slashfilm.com","0"
"www.darkreading.com","2"
"www.nme.com","0"
"www.telegraph.co.uk","0"
"www.timesofisrael.com","0"
"www.eurekalert.org","0"
"businessmirror.com.ph","0"
"radio.wosu.org","0"
"www.forbesmiddleeast.com","0"
"www.gizmotimes.com","1"
"www.theindependent.sg","0"
"www.emchat.net","1"
"www.nydailynews.com","0"
"biglawbusiness.com","0"
"bgr.com","0"
"www.avclub.com","0"
"www.etftrends.com","0"
"www.theage.com.au","0"
"www.military-technologies.net","0"
"www.insidermonkey.com","0"
"www.eurasiareview.com","0"
"english.eastday.com","0"
"www.wesh.com","0"
"interestingengineering.com","0"
"joltjournal.com","0"
"english.yonhapnews.co.kr","0"
"www.dailytrust.com.ng","0"
"normanobserver.com","0"
"quebecnewstribune.com","0"
"www.businessinsider.sg","0"
"seahawkswire.usatoday.com","0"
"bc.ctvnews.ca","0"
"www.scmagazine.com","2"
"www.smartcompany.com.au","0"
"www.dubaichronicle.com","0"
"mybroadband.co.za","0"
"techgenix.com","0"
"www.naijanews.com","2"
"www.bnn.ca","0"
"www.koreatimesus.com","0"
"www.hellenicshippingnews.com","0"
"www.informationsecuritybuzz.com","6"
"neonewstoday.com","0"
"edmontonjournal.com","0"
"mexiconewsdaily.com","0"
"www.abc.net.au","0"
"releasefact.com","0"
"securityintelligence.com","2"
"techacute.com","0"
"www.icoexaminer.com","0"
"slate.com","27"
"thebolditalic.com","0"
"www.opendemocracy.net","0"
"dailytimes.com.pk","0"
"www.iol.co.za","0"
"www.hartfordbusiness.com","0"
"hadeplatform.com","0"
"www.sporttechie.com","0"
"www.deccanchronicle.com","0"
"www.timesofmalta.com","0"
"nerdsmagazine.com","0"
"www.nhregister.com","0"
"www.xxlmag.com","0"
"www.accountingtoday.com","0"
"searchsecurity.techtarget.com","0"
"www.fatherly.com","0"
"fundraising.co.uk","0"
"www.itworldcanada.com","0"
"www.pcgamesn.com","0"
"yourstory.com","0"
"www.siliconrepublic.com","0"
"www.theindependentrepublic.com","0"
"www.rte.ie","0"
"www.watertowndailytimes.com","0"
"www.sunstar.com.ph","0"
"www.washingtonexaminer.com","0"
"www.bna.com","0"
"www.prdaily.com","0"
"www.news1130.com","0"
"newzimbabwe.com","0"
"www.polygon.com","0"
"www.pbs.org","0"
"wtop.com","0"
"www.geekwire.com","0"
"www.cbsnews.com","0"
"www.finder.com.au","0"
"analystoffinance.com","0"
"m.inquirer.net","1"
"www.kwqc.com","0"
"theindependentrepublic.com","0"
"www.tweaktown.com","0"
"www.whatech.com","0"
"www.financeapprise.com","0"
"worldview.stratfor.com","0"
"www.wired.com","1"
"www.euronews.com","0"
"www.cpapracticeadvisor.com","0"
"theinsidercarnews.com","0"
"america.cgtn.com","0"
"www.khmertimeskh.com","0"
"www.dmagazine.com","0"
"www.dentistry.co.uk","0"
"financeexchange24.com","0"
"www.dailycal.org","0"
"gadgets.ndtv.com","0"
"www.christianpost.com","0"
"arctic.ru","0"
"technology.inquirer.net","0"
"chicagoeveningpost.com","1"
"www.maxim.com","0"
"www.networkworld.com","0"
"opinioninvestor.com","0"
"www.openaccessgovernment.org","0"
"www.ndtv.com","1"
"www.northbaybusinessjournal.com","0"
"plenglish.com","0"
"www.tapinto.net","0"
"www.newspatrolling.com","1"
"www.dailyexcelsior.com","0"
"malaysiandigest.com","0"
"www.rfidworld.ca","0"
"www.abqjournal.com","0"
"www.dallasnews.com","0"
"www.newswire.ca","0"
"www.xconomy.com","0"
"www.oann.com","0"
"www.forexnewsnow.com","0"
"www.business-standard.com","0"
"www.pmnewsnigeria.com","1"
"www.expressnews.com","0"
"phys.org","0"
"www.asianage.com","0"
"wkms.org","0"
"michronicleonline.com","0"
"www.kitguru.net","0"
"www.phonearena.com","0"
"www.firstpost.com","2"
"www.ecnmag.com","0"
"www.voanews.com","0"
"cryptocoinspy.com","0"
"www.pv-magazine.com","0"
"www.casinocitytimes.com","0"
"hiphopdx.com","0"
"www.phnompenhpost.com","0"
"www.fox21news.com","0"
"www.toledoblade.com","0"
"www.upi.com","0"
"hypebeast.com","0"
"www.wthr.com","0"
"currencymarket24.com","0"
"panampost.com","0"
"71republic.com","0"
"www.casinoplayersreport.com","0"
"www.kitco.com","0"
"news.azpm.org","0"
"news.cornell.edu","1"
"www.stocksgazette.com","0"
"www.albawaba.com","0"
"www.asahi.com","0"
"ca.news.yahoo.com","0"
"www.dmarge.com","0"
"wdtn.com","0"
"rismedia.com","0"
"www.themaineedge.com","0"
"www.millenniumpost.in","0"
"www.influencive.com","0"
"www.pastemagazine.com","0"
"www.fin24.com","0"
"www.bleedingcool.com","0"
"calvinayre.com","0"
"www.japantimes.co.jp","0"
"telecomtalk.info","0"
"www.thenonprofittimes.com","0"
"josephsteinberg.com","0"
"ibsintelligence.com","1"
"www.theinquirer.net","0"
"www.neowin.net","0"
"krebsonsecurity.com","1"
"www.techspot.com","0"
"theweek.com","0"
"www.dealstreetasia.com","0"
"forexlive.com","1"
"www.thetelegram.com","0"
"paymentweek.com","0"
"www.techtimes.com","0"
"www.biznews.com","0"
"betanews.com","0"
"www.businessbecause.com","0"
"betakit.com","0"
"www.newshub.co.nz","0"
"www.irishtimes.com","0"
"www.fnlondon.com","0"
"www.chinamoneynetwork.com","0"
"mainichi.jp","0"
"www.mtairynews.com","0"
"www.thelocal.ch","0"
"abcnews.go.com","0"
"www.wsj.com","0"
"www.politico.com","0"
"bravenewcoin.com","0"
"www.mercurynews.com","0"
"news4c.com","0"
"www.cryptorecorder.com","0"
"techcircle.vccircle.com","0"
"www.extremetech.com","0"
"www.theedgemarkets.com","0"
"www.vrfocus.com","0"
"typeboard.com","0"
"www.finews.asia","0"
"nottinghamobserver.com","0"
"globenewswire.com","0"
"www.p2pfinancenews.co.uk","0"
"reurope.com","1"
"knowtechie.com","0"
"www.ubergizmo.com","0"
"www.today.ng","0"
"www.dancingastronaut.com","0"
"www.mhlnews.com","0"
"www.porttechnology.org","0"
"eatsiptrip.10best.com","0"
"edscoop.com","0"
"www.profitconfidential.com","0"
"sanfrancisco.cbslocal.com","0"
"www.zawya.com","0"
"heraldofbusiness.com","0"
"cryptoglobalist.com","0"
"www.twincities.com","0"
"www.news5cleveland.com","0"
"dotesports.com","0"
"asia.nikkei.com","0"
"culture.fool.com","0"
"blogs.wsj.com","0"
"microsmallcap.com","0"
"www.arabianbusiness.com","0"
"meconstructionnews.com","0"
"www.gdnonline.com","0"
"www.cbnme.com","0"
"www.thestkittsnevisobserver.com","0"
"techcentral.co.za","0"
"www.theusacommerce.com","0"
"www.stamfordadvocate.com","0"
"techwireasia.com","1"
"antiguaobserver.com","0"
"www.nbcdfw.com","0"
"www.pionline.com","0"
"www.thenational.ae","0"
"www.vanguardngr.com","0"
"www.lamag.com","0"
"www.thelocal.se","0"
"punchng.com","0"
"www.aljazeera.com","0"
"www.cryptolerance.com","0"
"www.vox.com","0"
"www.webwire.com","0"
"www.hackread.com","1"
"www.pcauthority.com.au","1"
"www.itpro.co.uk","2"
"www.eweek.com","1"
"www.itwire.com","1"
"liftrnews.com","1"
"appleinsider.com","1"
"9to5mac.com","2"
