"seekingalpha.com","113"
"smartereum.com","196"
"insidebitcoins.com","136"
"usethebitcoin.com","75"
"www.investopedia.com","345"
"cryptona.co","273"
"feeds.mashable.com","9"
"mashable.com","18"
"www.crowdfundinsider.com","54"
"www.theatlantic.com","1"
"www.valuewalk.com","45"
"cointelegraph.com","356"
"coincentral.com","107"
"btcmanager.com","387"
"news.bitcoin.com","449"
"www.coindesk.com","307"
"www.miaminewtimes.com","1"
"www.fool.com","57"
"www.lexology.com","4"
"www.theverge.com","18"
"news.morningstar.com","1"
"coinjournal.net","83"
"thenextweb.com","53"
"news.goldseek.com","1"
"www.brit.co","1"
"feedproxy.google.com","263"
"www.cnbc.com","116"
"cryptodaily.co.uk","222"
"hacked.com","178"
"business.financialpost.com","21"
"www.crypto-news.in","107"
"www.businessinsider.com","18"
"www.reviewjournal.com","2"
"www.mcall.com","2"
"www.nasdaq.com","29"
"bitcoinmagazine.com","12"
"www.thelincolnianonline.com","8955"
"ledgergazette.com","7955"
"stocknewstimes.com","7895"
"weekherald.com","5563"
"www.pymnts.com","49"
"www.dispatchtribunal.com","3693"
"www.fxempire.com","2"
"theenterpriseleader.com","2455"
"themerkle.com","309"
"ctovision.com","1"
"www.digitaltrends.com","15"
"www.palmbeachpost.com","1"
"registrarjournal.com","5395"
"blockexplorer.com","2"
"www.utilitydive.com","1"
"motherboard.vice.com","26"
"cryptoslate.com","200"
"www.cnet.com","106"
"www.bloomberg.com","15"
"inc42.com","1"
"www.livebitcoinnews.com","203"
"coinclarity.com","35"
"fortune.com","63"
"www.recode.net","18"
"cryptovest.com","288"
"www.satprnews.com","135"
"bangaloreweekly.com","248"
"dailyreckoning.com","2"
"www.computerweekly.com","8"
"bitsonline.com","258"
"ambcrypto.com","682"
"zycrypto.com","96"
"www.fastcompany.com","3"
"www.roanoke.com","1"
"cryptorecorder.com","105"
"www.nigeriatoday.ng","43"
"www.coinspeaker.com","241"
"www.ibj.com","1"
"www.inverse.com","36"
"stocksgazette.com","87"
"www.independent.co.uk","85"
"www.popsci.com","1"
"yellowhammernews.com","1"
"thevarsity.ca","1"
"www.tcbusinessnews.com","1"
"uk.businessinsider.com","7"
"www.foxbusiness.com","9"
"cryptonewsreview.com","68"
"crypto-lines.com","156"
"www.nj.com","1"
"www.marketoracle.co.uk","1"
"www.androidauthority.com","2"
"www.oracletimes.com","4"
"www.investors.com","106"
"www.businesswire.com","1"
"www.cryptoninjas.net","4"
"www.paymentssource.com","59"
"www.gq.com","1"
"wfla.com","1"
"www.thestreet.com","16"
"cryptocurrencynews.com","160"
"www.fool.com.au","36"
"solarmagazine.com","1"
"www.stl.news","4"
"oracletimes.com","86"
"factschronicle.com","2"
"tickertape.tdameritrade.com","1"
"www.buzzfeed.com","3"
"www.ccn.com","26"
"www.legalgamblingandthelaw.com","10"
"cryptocrimson.com","76"
"www.investorideas.com","94"
"ethereumworldnews.com","235"
"finnewsdaily.com","5"
"weeklyhub.com","17"
"huronreport.com","19"
"www.pulse.ng","2"
"www.lawyersweekly.com.au","1"
"www.newsbtc.com","53"
"flintdaily.com","21"
"themarketmogul.com","42"
"blocktribune.com","139"
"globalcoinreport.com","41"
"tokenradar24.com","1"
"www.9news.com.au","2"
"www.ibtimes.com","14"
"www.fool.ca","2"
"www.finsmes.com","4"
"venturebeat.com","6"
"www.complex.com","2"
"realdaily.com","83"
"news.finance.co.uk","20"
"presstelegraph.com","12"
"www.globalcryptopress.com","37"
"www.bloombergquint.com","35"
"sputniknews.com","50"
"www.businessinsider.com.au","8"
"gulfnews.com","4"
"www.leaprate.com","23"
"markets.businessinsider.com","33"
"micetimes.asia","4"
"metro.co.uk","10"
"www.al-monitor.com","1"
"www.staradvertiser.com","1"
"www.midasletter.com","1"
"www.latinfinance.com","1"
"www.coloradoan.com","1"
"bitcoinist.com","16"
"irishtechnews.ie","68"
"strategiccoin.com","35"
"www.ethnews.com","60"
"www.thesundaily.my","1"
"www.abcfoxmontana.com","1"
"www.cbc.ca","9"
"www.marketwatch.com","24"
"www.verdict.co.uk","1"
"www.ibtimes.co.uk","17"
"en.brinkwire.com","19"
"www.benzinga.com","16"
"www.oregonbusiness.com","2"
"www.zdnet.com","23"
"globalnews.ca","1"
"www.nbcnews.com","2"
"invezz.com","283"
"coinidol.com","152"
"financefeeds.com","16"
"business.mb.com.ph","1"
"www.wealthdaily.com","2"
"www.digitaljournal.com","15"
"techstartups.com","3"
"www.theguardian.com","6"
"theusacommerce.com","62"
"www.financemagnates.com","31"
"www.newsweek.com","9"
"www.inman.com","1"
"www.usnews.com","2"
"qz.com","3"
"www.mareainformativa.com","56"
"www.bleepingcomputer.com","11"
"etfdailynews.com","2"
"au.news.yahoo.com","1"
"www.americanbanker.com","12"
"www.financialexpress.com","4"
"born2invest.com","4"
"www.inquisitr.com","4"
"gkmen.com","1"
"www.thearmchairtrader.com","2"
"10thousandcouples.com","2"
"news.vice.com","3"
"time.com","9"
"www.huffingtonpost.co.uk","3"
"highschool.latimes.com","1"
"news.crunchbase.com","1"
"www.taipeitimes.com","1"
"www.hindustantimes.com","2"
"jurist.org","2"
"www.stockhouse.com","1"
"theaseanpost.com","1"
"siliconangle.com","23"
"dcebrief.com","31"
"marketbusinessnews.com","11"
"feeds.benzinga.com","27"
"www.prweb.com","5"
"www.bitsonline.com","4"
"investorplace.com","5"
"www.slashgear.com","14"
"www.christiantoday.com","1"
"www.prnewswire.com","8"
"gizmodo.com","10"
"patriotpost.us","1"
"www.moneycontrol.com","4"
"www.econotimes.com","4"
"www.hitc.com","1"
"www.bbc.com","1"
"kgazette.com","8"
"www.ejinsight.com","2"
"www.9news.com","3"
"www.energyandcapital.com","1"
"thechronicleherald.ca","2"
"augustafreepress.com","3"
"www.thegazette.com","1"
"thecurrencyanalytics.com","1"
"www.express.co.uk","13"
"www.clickorlando.com","1"
"pilotonline.com","2"
"www.thedrum.com","1"
"money.cnn.com","3"
"www.news.com.au","1"
"santimes.com","28"
"technewsleader.com","1"
"www.natlawreview.com","1"
"www.dailymail.co.uk","3"
"www.thedailybeast.com","3"
"ameinfo.com","1"
"www.rt.com","16"
"bzweekly.com","14"
"www.dailyforexreport.com","1"
"www.thejakartapost.com","1"
"www.clickz.com","3"
"www.news-leader.com","1"
"observer.com","14"
"www.equities.com","6"
"techcrunch.com","24"
"www.newsday.com","3"
"www.consumeraffairs.com","4"
"kldaily.com","14"
"finance.yahoo.com","9"
"www.radioaustralia.net.au","1"
"globalvoices.org","1"
"mynorthwest.com","1"
"www.scmagazineuk.com","2"
"global.handelsblatt.com","1"
"nypost.com","3"
"www.kvue.com","1"
"beebom.com","1"
"www.moneyweb.co.za","1"
"www.entrepreneur.com","3"
"www.alphr.com","1"
"www.chipin.com","38"
"hothardware.com","8"
"www.forexlive.com","31"
"www.livetradingnews.com","2"
"stocknewspress.com","1"
"www.bbntimes.com","1"
"utahherald.com","11"
"www.financialbuzz.com","2"
"nakedsecurity.sophos.com","1"
"au.finance.yahoo.com","1"
"www.pcgamer.com","18"
"hiphopwired.com","2"
"news.sys-con.com","1"
"www.whsv.com","1"
"www.abajournal.com","1"
"truthinmedia.com","1"
"therealdeal.com","3"
"newburghgazette.com","1"
"www.crypto-reporter.com","62"
"www.mediapost.com","3"
"uk.finance.yahoo.com","5"
"footwearnews.com","1"
"www.bustle.com","1"
"businessrecord.com","2"
"wolcottdaily.com","23"
"www.dailyfx.com","1"
"www.internationalinvestment.net","4"
"www.westword.com","1"
"www.theregister.co.uk","2"
"heraldks.com","18"
"feeds.gizmodo.com.au","5"
"www.techrepublic.com","30"
"www.ag-ip-news.com","1"
"www.gamereactor.eu","1"
"businesstech.co.za","1"
"expressnewsline.com","2"
"www.globenewswire.com","1"
"www.trustedreviews.com","3"
"www.yahoo.com","1"
"www.business2community.com","2"
"uk.news.yahoo.com","1"
"baseballnewssource.com","121"
"www.pulse.com.gh","2"
"www.equitiesfocus.com","123"
"lovinmalta.com","1"
"finance-market-news.com","1"
"www.iexpats.com","2"
"dailyenterpriser.com","1"
"thehill.com","6"
"www.cleveland.com","1"
"www.hardocp.com","15"
"www.domain-b.com","2"
"cointradejournal.com","1028"
"sociable.co","2"
"www.manilatimes.net","2"
"www.toinnov.com","2"
"www.syfy.com","2"
"www.app.com","1"
"www.crn.com.au","1"
"www.capitalwatch.com","1"
"financialtribune.com","2"
"blavity.com","1"
"bwcio.businessworld.in","1"
"www.salon.com","2"
"www.fxstreet.com","5"
"www.wealthmanagement.com","1"
"www.tomsguide.com","1"
"economictimes.indiatimes.com","1"
"www.theglobeandmail.com","3"
"www.bostonglobe.com","3"
"moneymorning.com","2"
"www.hotnewhiphop.com","1"
"www.jdsupra.com","2"
"www.euromoney.com","1"
"www.nytimes.com","2"
"www.barrons.com","2"
"www.washingtonpost.com","1"
"arstechnica.com","8"
"www.malaysiandigest.com","1"
"theafricom.com","3"
"fxdailyreport.com","2"
"smnweekly.com","18"
"www.myjoyonline.com","2"
"www.tradearabia.com","1"
"www.wwnytv.com","5"
"www.insidefutures.com","2"
"www.mirror.co.uk","1"
"theanalystfinancial.com","1"
"capital.com","4"
"www.thestar.com","5"
"oilprice.com","1"
"www.algemeiner.com","1"
"latestcasinobonuses.com","1"
"www.dsnews.com","2"
"www.zeebiz.com","1"
"www.techjuice.pk","1"
"www.infosurhoy.com","2"
"jam-news.net","1"
"www.notebookcheck.net","4"
"www.mobilemarketer.com","3"
"www.theinvestmentobserver.co.uk","1"
"www.chicagotribune.com","1"
"mic.com","2"
"scopeweekly.com","1"
"www.itnews.com.au","1"
"www.adweek.com","2"
"www.tgdaily.com","7"
"cryptoinsider.21mil.com","2"
"www.cityam.com","4"
"www.businesstimes.com.sg","1"
"www.straitstimes.com","3"
"www.smh.com.au","2"
"tribune.com.pk","1"
"www.infosecurity-magazine.com","1"
"studentloans.net","1"
"www.wcpo.com","1"
"www.postandcourier.com","1"
"www.reuters.com","6"
"weeklyregister.com","11"
"www.pressherald.com","2"
"www.ttnews.com","1"
"news.ucwe.com","1"
"www.inc.com","1"
"www.benchmarkmonitor.com","2"
"www.out-law.com","1"
"www.techadvisor.co.uk","1"
"www.moneywise.co.uk","1"
"www.looptt.com","1"
"www.moneyobserver.com","2"
"gooruf.com","2"
"via.news","2"
"www.finextra.com","5"
"japantoday.com","4"
"www.loopnewsbarbados.com","1"
"bobrtimes.com","8"
"legalbroadcastnetwork.com","1"
"www.thesun.co.uk","2"
"www.payvand.com","1"
"www.yourmoney.com","3"
"www.financeminutes.com","2"
"www.csoonline.com","1"
"techspective.net","1"
"blog.fxpro.co.uk","2"
"www.casino.org","2"
"futurism.com","5"
"www.ifa.com.au","1"
"www.ourquadcities.com","1"
"www.thesouthafrican.com","1"
"www.wcax.com","1"
"theboombox.com","1"
"www.sfgate.com","1"
"www.cryptoglobe.com","1"
"finance.nine.com.au","2"
"www.adageindia.in","1"
"ivleader.com","1"
"www.middletownpress.com","1"
"www.mychamplainvalley.com","1"
"www.govtech.com","6"
"www.brookings.edu","1"
"www.mysanantonio.com","1"
"www.dailydot.com","3"
"vocm.com","1"
"sg.news.yahoo.com","1"
"www.nationmultimedia.com","1"
"www.johnsoncitypress.com","1"
"www.sciencedaily.com","1"
"smallcappower.com","2"
"coingeek.com","11"
"www.thenewsminute.com","2"
"www.businessdailyafrica.com","1"
"thewest.com.au","1"
"studentloanhero.com","1"
"www.thetimes.co.uk","1"
"www.slashfilm.com","1"
"www.darkreading.com","1"
"www.nme.com","1"
"www.telegraph.co.uk","4"
"www.timesofisrael.com","2"
"www.eurekalert.org","1"
"businessmirror.com.ph","1"
"radio.wosu.org","1"
"www.forbesmiddleeast.com","1"
"www.gizmotimes.com","1"
"www.theindependent.sg","1"
"www.emchat.net","2"
"www.nydailynews.com","2"
"biglawbusiness.com","1"
"bgr.com","2"
"www.avclub.com","1"
"www.etftrends.com","1"
"www.theage.com.au","1"
"www.military-technologies.net","4"
"www.insidermonkey.com","1"
"www.eurasiareview.com","1"
"english.eastday.com","1"
"www.wesh.com","2"
"interestingengineering.com","2"
"joltjournal.com","1"
"english.yonhapnews.co.kr","1"
"www.dailytrust.com.ng","1"
"normanobserver.com","7"
"quebecnewstribune.com","2"
"www.businessinsider.sg","1"
"seahawkswire.usatoday.com","1"
"bc.ctvnews.ca","2"
"www.scmagazine.com","1"
"www.smartcompany.com.au","1"
"www.dubaichronicle.com","1"
"mybroadband.co.za","3"
"techgenix.com","1"
"www.naijanews.com","2"
"www.bnn.ca","1"
"www.koreatimesus.com","1"
"www.hellenicshippingnews.com","4"
"www.informationsecuritybuzz.com","4"
"neonewstoday.com","1"
"edmontonjournal.com","1"
"mexiconewsdaily.com","2"
"www.abc.net.au","1"
"releasefact.com","1"
"securityintelligence.com","2"
"techacute.com","1"
"www.icoexaminer.com","2"
"slate.com","202"
"thebolditalic.com","1"
"www.opendemocracy.net","1"
"dailytimes.com.pk","2"
"www.iol.co.za","1"
"www.hartfordbusiness.com","1"
"hadeplatform.com","4"
"www.sporttechie.com","1"
"www.deccanchronicle.com","1"
"www.timesofmalta.com","3"
"nerdsmagazine.com","1"
"www.nhregister.com","1"
"www.xxlmag.com","1"
"www.accountingtoday.com","3"
"searchsecurity.techtarget.com","1"
"www.fatherly.com","1"
"fundraising.co.uk","1"
"www.itworldcanada.com","1"
"www.pcgamesn.com","1"
"yourstory.com","1"
"www.siliconrepublic.com","1"
"www.theindependentrepublic.com","1"
"www.rte.ie","1"
"www.watertowndailytimes.com","3"
"www.sunstar.com.ph","1"
"www.washingtonexaminer.com","1"
"www.bna.com","1"
"www.prdaily.com","1"
"www.news1130.com","3"
"newzimbabwe.com","1"
"www.polygon.com","2"
"www.pbs.org","1"
"wtop.com","1"
"www.geekwire.com","1"
"www.cbsnews.com","1"
"www.finder.com.au","143"
"analystoffinance.com","1"
"m.inquirer.net","1"
"www.kwqc.com","1"
"theindependentrepublic.com","2"
"www.tweaktown.com","1"
"www.whatech.com","1"
"www.financeapprise.com","1"
"worldview.stratfor.com","1"
"www.wired.com","1"
"www.euronews.com","1"
"www.cpapracticeadvisor.com","1"
"theinsidercarnews.com","1"
"america.cgtn.com","1"
"www.khmertimeskh.com","1"
"www.dmagazine.com","1"
"www.dentistry.co.uk","1"
"financeexchange24.com","1"
"www.dailycal.org","1"
"gadgets.ndtv.com","3"
"www.christianpost.com","1"
"arctic.ru","2"
"technology.inquirer.net","1"
"chicagoeveningpost.com","1"
"www.maxim.com","1"
"www.networkworld.com","1"
"opinioninvestor.com","2"
"www.openaccessgovernment.org","2"
"www.ndtv.com","2"
"www.northbaybusinessjournal.com","1"
"plenglish.com","1"
"www.tapinto.net","1"
"www.newspatrolling.com","1"
"www.dailyexcelsior.com","2"
"malaysiandigest.com","2"
"www.rfidworld.ca","2"
"www.abqjournal.com","1"
"www.dallasnews.com","1"
"www.newswire.ca","1"
"www.xconomy.com","1"
"www.oann.com","1"
"www.forexnewsnow.com","2"
"www.business-standard.com","1"
"www.pmnewsnigeria.com","1"
"www.expressnews.com","2"
"phys.org","3"
"www.asianage.com","1"
"wkms.org","1"
"michronicleonline.com","1"
"www.kitguru.net","1"
"www.phonearena.com","1"
"www.firstpost.com","2"
"www.ecnmag.com","1"
"www.voanews.com","1"
"cryptocoinspy.com","1"
"www.pv-magazine.com","1"
"www.casinocitytimes.com","1"
"hiphopdx.com","1"
"www.phnompenhpost.com","1"
"www.fox21news.com","1"
"www.toledoblade.com","1"
"www.upi.com","1"
"hypebeast.com","1"
"www.wthr.com","1"
"currencymarket24.com","1"
"panampost.com","1"
"71republic.com","1"
"www.casinoplayersreport.com","1"
"www.kitco.com","1"
"news.azpm.org","1"
"news.cornell.edu","1"
"www.stocksgazette.com","1"
"www.albawaba.com","1"
"www.asahi.com","1"
"ca.news.yahoo.com","1"
"www.dmarge.com","1"
"wdtn.com","1"
"rismedia.com","1"
"www.themaineedge.com","1"
"www.millenniumpost.in","1"
"www.influencive.com","1"
"www.pastemagazine.com","1"
"www.fin24.com","1"
"www.bleedingcool.com","1"
"calvinayre.com","1"
"www.japantimes.co.jp","1"
"telecomtalk.info","1"
"www.thenonprofittimes.com","1"
"josephsteinberg.com","1"
"ibsintelligence.com","1"
"www.theinquirer.net","1"
"www.neowin.net","1"
"krebsonsecurity.com","1"
"www.techspot.com","1"
"theweek.com","1"
"www.dealstreetasia.com","1"
"forexlive.com","32"
"www.thetelegram.com","1"
"paymentweek.com","1"
"www.techtimes.com","1"
"www.biznews.com","1"
"betanews.com","1"
"www.businessbecause.com","1"
"betakit.com","1"
"www.newshub.co.nz","1"
"www.irishtimes.com","1"
"www.fnlondon.com","1"
"www.chinamoneynetwork.com","1"
"mainichi.jp","1"
"www.mtairynews.com","1"
"www.thelocal.ch","1"
"abcnews.go.com","2"
"www.wsj.com","2"
"www.politico.com","1"
"bravenewcoin.com","1"
"www.mercurynews.com","1"
"news4c.com","9"
"www.cryptorecorder.com","0"
"techcircle.vccircle.com","0"
"www.extremetech.com","0"
"www.theedgemarkets.com","0"
"www.vrfocus.com","0"
"typeboard.com","0"
"www.finews.asia","0"
"nottinghamobserver.com","0"
"globenewswire.com","1"
"www.p2pfinancenews.co.uk","0"
"reurope.com","0"
"knowtechie.com","0"
"www.ubergizmo.com","0"
"www.today.ng","0"
"www.dancingastronaut.com","0"
"www.mhlnews.com","0"
"www.porttechnology.org","0"
"eatsiptrip.10best.com","0"
"edscoop.com","0"
"www.profitconfidential.com","0"
"sanfrancisco.cbslocal.com","0"
"www.zawya.com","0"
"heraldofbusiness.com","0"
"cryptoglobalist.com","0"
"www.twincities.com","0"
"www.news5cleveland.com","0"
"dotesports.com","0"
"asia.nikkei.com","0"
"culture.fool.com","0"
"blogs.wsj.com","0"
"microsmallcap.com","0"
"www.arabianbusiness.com","0"
"meconstructionnews.com","0"
"www.gdnonline.com","0"
"www.cbnme.com","0"
"www.thestkittsnevisobserver.com","0"
"techcentral.co.za","0"
"www.theusacommerce.com","0"
"www.stamfordadvocate.com","0"
"techwireasia.com","0"
"antiguaobserver.com","0"
"www.nbcdfw.com","0"
"www.pionline.com","0"
"www.thenational.ae","0"
"www.vanguardngr.com","0"
"www.lamag.com","0"
"www.thelocal.se","0"
"punchng.com","0"
"www.aljazeera.com","0"
"www.cryptolerance.com","0"
"www.vox.com","0"
"www.webwire.com","0"
"www.hackread.com","0"
"www.pcauthority.com.au","0"
"www.itpro.co.uk","0"
"www.eweek.com","0"
"www.itwire.com","0"
"liftrnews.com","0"
"appleinsider.com","0"
"9to5mac.com","0"
